[{"model": "contenttypes.contenttype", "pk": 1, "fields": {"app_label": "admin", "model": "logentry"}}, {"model": "contenttypes.contenttype", "pk": 2, "fields": {"app_label": "auth", "model": "permission"}}, {"model": "contenttypes.contenttype", "pk": 3, "fields": {"app_label": "auth", "model": "group"}}, {"model": "contenttypes.contenttype", "pk": 4, "fields": {"app_label": "auth", "model": "user"}}, {"model": "contenttypes.contenttype", "pk": 5, "fields": {"app_label": "contenttypes", "model": "contenttype"}}, {"model": "contenttypes.contenttype", "pk": 6, "fields": {"app_label": "sessions", "model": "session"}}, {"model": "contenttypes.contenttype", "pk": 7, "fields": {"app_label": "sites", "model": "site"}}, {"model": "contenttypes.contenttype", "pk": 8, "fields": {"app_label": "account", "model": "account"}}, {"model": "contenttypes.contenttype", "pk": 9, "fields": {"app_label": "account", "model": "signupcode"}}, {"model": "contenttypes.contenttype", "pk": 10, "fields": {"app_label": "account", "model": "signupcoderesult"}}, {"model": "contenttypes.contenttype", "pk": 11, "fields": {"app_label": "account", "model": "emailaddress"}}, {"model": "contenttypes.contenttype", "pk": 12, "fields": {"app_label": "account", "model": "emailconfirmation"}}, {"model": "contenttypes.contenttype", "pk": 13, "fields": {"app_label": "account", "model": "accountdeletion"}}, {"model": "contenttypes.contenttype", "pk": 14, "fields": {"app_label": "eventlog", "model": "log"}}, {"model": "contenttypes.contenttype", "pk": 15, "fields": {"app_label": "guardian", "model": "userobjectpermission"}}, {"model": "contenttypes.contenttype", "pk": 16, "fields": {"app_label": "guardian", "model": "groupobjectpermission"}}, {"model": "contenttypes.contenttype", "pk": 17, "fields": {"app_label": "ojuser", "model": "userprofile"}}, {"model": "contenttypes.contenttype", "pk": 18, "fields": {"app_label": "ojuser", "model": "groupprofile"}}, {"model": "contenttypes.contenttype", "pk": 19, "fields": {"app_label": "ojuser", "model": "consisting"}}, {"model": "contenttypes.contenttype", "pk": 20, "fields": {"app_label": "problem", "model": "problem"}}, {"model": "contenttypes.contenttype", "pk": 21, "fields": {"app_label": "problem", "model": "problemdata"}}, {"model": "sessions.session", "pk": "rg61xci3hklc53spfb10we6dzsgqfowi", "fields": {"session_data": "MGIwNzA4YTkyOTA0ZjkxZWNmZGIwOTdlNDAwYjU2OTVkY2E3MDBjNjp7Il9hdXRoX3VzZXJfaGFzaCI6IjgxN2VlYmRmMzVhY2Y0MmI2NTNlODYyZTkxOGU5ZWE2ZGYyNTg3ZjkiLCJfYXV0aF91c2VyX2JhY2tlbmQiOiJkamFuZ28uY29udHJpYi5hdXRoLmJhY2tlbmRzLk1vZGVsQmFja2VuZCIsIl9hdXRoX3VzZXJfaWQiOiIyIn0=", "expire_date": "2016-04-12T07:48:15.695Z"}}, {"model": "sites.site", "pk": 1, "fields": {"domain": "10.105.242.26:8080", "name": "BOJv4"}}, {"model": "ojuser.consisting", "pk": 1, "fields": {"parent": 1, "child": 8, "name": ""}}, {"model": "ojuser.consisting", "pk": 2, "fields": {"parent": 1, "child": 3, "name": ""}}, {"model": "ojuser.consisting", "pk": 3, "fields": {"parent": 8, "child": 2, "name": ""}}, {"model": "ojuser.consisting", "pk": 4, "fields": {"parent": 3, "child": 4, "name": ""}}, {"model": "ojuser.consisting", "pk": 5, "fields": {"parent": 3, "child": 9, "name": ""}}, {"model": "ojuser.consisting", "pk": 6, "fields": {"parent": 1, "child": 5, "name": ""}}, {"model": "ojuser.consisting", "pk": 7, "fields": {"parent": 5, "child": 9, "name": ""}}, {"model": "auth.permission", "pk": 1, "fields": {"name": "Can add log entry", "content_type": 1, "codename": "add_logentry"}}, {"model": "auth.permission", "pk": 2, "fields": {"name": "Can change log entry", "content_type": 1, "codename": "change_logentry"}}, {"model": "auth.permission", "pk": 3, "fields": {"name": "Can delete log entry", "content_type": 1, "codename": "delete_logentry"}}, {"model": "auth.permission", "pk": 4, "fields": {"name": "Can add permission", "content_type": 2, "codename": "add_permission"}}, {"model": "auth.permission", "pk": 5, "fields": {"name": "Can change permission", "content_type": 2, "codename": "change_permission"}}, {"model": "auth.permission", "pk": 6, "fields": {"name": "Can delete permission", "content_type": 2, "codename": "delete_permission"}}, {"model": "auth.permission", "pk": 7, "fields": {"name": "Can add group", "content_type": 3, "codename": "add_group"}}, {"model": "auth.permission", "pk": 8, "fields": {"name": "Can change group", "content_type": 3, "codename": "change_group"}}, {"model": "auth.permission", "pk": 9, "fields": {"name": "Can delete group", "content_type": 3, "codename": "delete_group"}}, {"model": "auth.permission", "pk": 10, "fields": {"name": "Can add user", "content_type": 4, "codename": "add_user"}}, {"model": "auth.permission", "pk": 11, "fields": {"name": "Can change user", "content_type": 4, "codename": "change_user"}}, {"model": "auth.permission", "pk": 12, "fields": {"name": "Can delete user", "content_type": 4, "codename": "delete_user"}}, {"model": "auth.permission", "pk": 13, "fields": {"name": "Can add content type", "content_type": 5, "codename": "add_contenttype"}}, {"model": "auth.permission", "pk": 14, "fields": {"name": "Can change content type", "content_type": 5, "codename": "change_contenttype"}}, {"model": "auth.permission", "pk": 15, "fields": {"name": "Can delete content type", "content_type": 5, "codename": "delete_contenttype"}}, {"model": "auth.permission", "pk": 16, "fields": {"name": "Can add session", "content_type": 6, "codename": "add_session"}}, {"model": "auth.permission", "pk": 17, "fields": {"name": "Can change session", "content_type": 6, "codename": "change_session"}}, {"model": "auth.permission", "pk": 18, "fields": {"name": "Can delete session", "content_type": 6, "codename": "delete_session"}}, {"model": "auth.permission", "pk": 19, "fields": {"name": "Can add site", "content_type": 7, "codename": "add_site"}}, {"model": "auth.permission", "pk": 20, "fields": {"name": "Can change site", "content_type": 7, "codename": "change_site"}}, {"model": "auth.permission", "pk": 21, "fields": {"name": "Can delete site", "content_type": 7, "codename": "delete_site"}}, {"model": "auth.permission", "pk": 22, "fields": {"name": "Can add account", "content_type": 8, "codename": "add_account"}}, {"model": "auth.permission", "pk": 23, "fields": {"name": "Can change account", "content_type": 8, "codename": "change_account"}}, {"model": "auth.permission", "pk": 24, "fields": {"name": "Can delete account", "content_type": 8, "codename": "delete_account"}}, {"model": "auth.permission", "pk": 25, "fields": {"name": "Can add signup code", "content_type": 9, "codename": "add_signupcode"}}, {"model": "auth.permission", "pk": 26, "fields": {"name": "Can change signup code", "content_type": 9, "codename": "change_signupcode"}}, {"model": "auth.permission", "pk": 27, "fields": {"name": "Can delete signup code", "content_type": 9, "codename": "delete_signupcode"}}, {"model": "auth.permission", "pk": 28, "fields": {"name": "Can add signup code result", "content_type": 10, "codename": "add_signupcoderesult"}}, {"model": "auth.permission", "pk": 29, "fields": {"name": "Can change signup code result", "content_type": 10, "codename": "change_signupcoderesult"}}, {"model": "auth.permission", "pk": 30, "fields": {"name": "Can delete signup code result", "content_type": 10, "codename": "delete_signupcoderesult"}}, {"model": "auth.permission", "pk": 31, "fields": {"name": "Can add email address", "content_type": 11, "codename": "add_emailaddress"}}, {"model": "auth.permission", "pk": 32, "fields": {"name": "Can change email address", "content_type": 11, "codename": "change_emailaddress"}}, {"model": "auth.permission", "pk": 33, "fields": {"name": "Can delete email address", "content_type": 11, "codename": "delete_emailaddress"}}, {"model": "auth.permission", "pk": 34, "fields": {"name": "Can add email confirmation", "content_type": 12, "codename": "add_emailconfirmation"}}, {"model": "auth.permission", "pk": 35, "fields": {"name": "Can change email confirmation", "content_type": 12, "codename": "change_emailconfirmation"}}, {"model": "auth.permission", "pk": 36, "fields": {"name": "Can delete email confirmation", "content_type": 12, "codename": "delete_emailconfirmation"}}, {"model": "auth.permission", "pk": 37, "fields": {"name": "Can add account deletion", "content_type": 13, "codename": "add_accountdeletion"}}, {"model": "auth.permission", "pk": 38, "fields": {"name": "Can change account deletion", "content_type": 13, "codename": "change_accountdeletion"}}, {"model": "auth.permission", "pk": 39, "fields": {"name": "Can delete account deletion", "content_type": 13, "codename": "delete_accountdeletion"}}, {"model": "auth.permission", "pk": 40, "fields": {"name": "Can add log", "content_type": 14, "codename": "add_log"}}, {"model": "auth.permission", "pk": 41, "fields": {"name": "Can change log", "content_type": 14, "codename": "change_log"}}, {"model": "auth.permission", "pk": 42, "fields": {"name": "Can delete log", "content_type": 14, "codename": "delete_log"}}, {"model": "auth.permission", "pk": 43, "fields": {"name": "Can add user object permission", "content_type": 15, "codename": "add_userobjectpermission"}}, {"model": "auth.permission", "pk": 44, "fields": {"name": "Can change user object permission", "content_type": 15, "codename": "change_userobjectpermission"}}, {"model": "auth.permission", "pk": 45, "fields": {"name": "Can delete user object permission", "content_type": 15, "codename": "delete_userobjectpermission"}}, {"model": "auth.permission", "pk": 46, "fields": {"name": "Can add group object permission", "content_type": 16, "codename": "add_groupobjectpermission"}}, {"model": "auth.permission", "pk": 47, "fields": {"name": "Can change group object permission", "content_type": 16, "codename": "change_groupobjectpermission"}}, {"model": "auth.permission", "pk": 48, "fields": {"name": "Can delete group object permission", "content_type": 16, "codename": "delete_groupobjectpermission"}}, {"model": "auth.permission", "pk": 49, "fields": {"name": "Can add user profile", "content_type": 17, "codename": "add_userprofile"}}, {"model": "auth.permission", "pk": 50, "fields": {"name": "Can change user profile", "content_type": 17, "codename": "change_userprofile"}}, {"model": "auth.permission", "pk": 51, "fields": {"name": "Can delete user profile", "content_type": 17, "codename": "delete_userprofile"}}, {"model": "auth.permission", "pk": 52, "fields": {"name": "Can add group profile", "content_type": 18, "codename": "add_groupprofile"}}, {"model": "auth.permission", "pk": 53, "fields": {"name": "Can change group profile", "content_type": 18, "codename": "change_groupprofile"}}, {"model": "auth.permission", "pk": 54, "fields": {"name": "Can delete group profile", "content_type": 18, "codename": "delete_groupprofile"}}, {"model": "auth.permission", "pk": 55, "fields": {"name": "Can add consisting", "content_type": 19, "codename": "add_consisting"}}, {"model": "auth.permission", "pk": 56, "fields": {"name": "Can change consisting", "content_type": 19, "codename": "change_consisting"}}, {"model": "auth.permission", "pk": 57, "fields": {"name": "Can delete consisting", "content_type": 19, "codename": "delete_consisting"}}, {"model": "auth.permission", "pk": 58, "fields": {"name": "Can add problem", "content_type": 20, "codename": "add_problem"}}, {"model": "auth.permission", "pk": 59, "fields": {"name": "Can change problem", "content_type": 20, "codename": "change_problem"}}, {"model": "auth.permission", "pk": 60, "fields": {"name": "Can delete problem", "content_type": 20, "codename": "delete_problem"}}, {"model": "auth.permission", "pk": 61, "fields": {"name": "View Problem", "content_type": 20, "codename": "view_problem"}}, {"model": "auth.permission", "pk": 62, "fields": {"name": "Can add problem data", "content_type": 21, "codename": "add_problemdata"}}, {"model": "auth.permission", "pk": 63, "fields": {"name": "Can change problem data", "content_type": 21, "codename": "change_problemdata"}}, {"model": "auth.permission", "pk": 64, "fields": {"name": "Can delete problem data", "content_type": 21, "codename": "delete_problemdata"}}, {"model": "auth.group", "pk": 1, "fields": {"name": "public", "permissions": []}}, {"model": "auth.group", "pk": 2, "fields": {"name": "class 1", "permissions": []}}, {"model": "auth.group", "pk": 3, "fields": {"name": "school 2", "permissions": []}}, {"model": "auth.group", "pk": 4, "fields": {"name": "class 2", "permissions": []}}, {"model": "auth.group", "pk": 5, "fields": {"name": "teacher 1", "permissions": []}}, {"model": "auth.group", "pk": 6, "fields": {"name": "ICPC", "permissions": []}}, {"model": "auth.group", "pk": 7, "fields": {"name": "universty 1", "permissions": []}}, {"model": "auth.group", "pk": 8, "fields": {"name": "shool 1", "permissions": []}}, {"model": "auth.group", "pk": 9, "fields": {"name": "class 3", "permissions": []}}, {"model": "auth.user", "pk": 1, "fields": {"password": "!8yG5RWoOvvTAdbx8HC56Ssju0YAhh9UhsVZDKukG", "last_login": null, "is_superuser": false, "username": "AnonymousUser", "first_name": "", "last_name": "", "email": "", "is_staff": false, "is_active": true, "date_joined": "2016-03-29T07:46:43.436Z", "groups": [], "user_permissions": []}}, {"model": "auth.user", "pk": 2, "fields": {"password": "pbkdf2_sha256$24000$329Jockwugml$aSk3tBZyD5KRqu7Xcxj1AvXhujNMq7xA8JQOkYZIJcw=", "last_login": "2016-03-29T07:48:15.657Z", "is_superuser": true, "username": "buptacm", "first_name": "", "last_name": "", "email": "acmicpc@bupt.edu.cn", "is_staff": true, "is_active": true, "date_joined": "2016-03-29T07:47:28.903Z", "groups": [], "user_permissions": []}}, {"model": "auth.user", "pk": 3, "fields": {"password": "pbkdf2_sha256$24000$2qjFfYl9pslq$7jDO7343AGBTWAgiahu73YmE3MQjwTAUcSGPj8jcq3E=", "last_login": null, "is_superuser": false, "username": "aaaa", "first_name": "", "last_name": "", "email": "", "is_staff": false, "is_active": true, "date_joined": "2016-03-29T07:49:20Z", "groups": [1], "user_permissions": []}}, {"model": "auth.user", "pk": 4, "fields": {"password": "pbkdf2_sha256$24000$i05cwgJ9szLE$2+miGK2fE1QbGdX1h4nARKGC7EzWAHLv+Ky7sXtUWcY=", "last_login": null, "is_superuser": false, "username": "bbbb", "first_name": "", "last_name": "", "email": "", "is_staff": false, "is_active": true, "date_joined": "2016-03-29T07:50:14Z", "groups": [8], "user_permissions": []}}, {"model": "auth.user", "pk": 5, "fields": {"password": "pbkdf2_sha256$24000$QZ7tmnPUDZxj$+Roi6A8lh+HpylcOIwS+mXlFqwiLYEiaSS2uaWMOqAo=", "last_login": null, "is_superuser": false, "username": "cccc", "first_name": "", "last_name": "", "email": "", "is_staff": false, "is_active": true, "date_joined": "2016-03-29T07:50:20Z", "groups": [3], "user_permissions": []}}, {"model": "auth.user", "pk": 6, "fields": {"password": "pbkdf2_sha256$24000$9TY6iHKFhbmC$QLQpTJiE9EURHcqdrjwN8Y7utrcBEG23xKKR52IBac0=", "last_login": null, "is_superuser": false, "username": "dddd", "first_name": "", "last_name": "", "email": "", "is_staff": false, "is_active": true, "date_joined": "2016-03-29T07:50:25Z", "groups": [5], "user_permissions": []}}, {"model": "auth.user", "pk": 7, "fields": {"password": "pbkdf2_sha256$24000$HamhI8W2u1Mo$NVL/fvG86ht727mZ19oYTdpb08Th0597vmDNOPjm8FE=", "last_login": null, "is_superuser": false, "username": "eeee", "first_name": "", "last_name": "", "email": "", "is_staff": false, "is_active": true, "date_joined": "2016-03-29T07:50:30Z", "groups": [1, 2, 8], "user_permissions": []}}, {"model": "auth.user", "pk": 8, "fields": {"password": "pbkdf2_sha256$24000$w6PjSc2kd1LU$PNqV3HKe6Z9wvjM4X5ha3G66LPBC5YP7FmPFT2Dbpx0=", "last_login": null, "is_superuser": false, "username": "ffff", "first_name": "", "last_name": "", "email": "", "is_staff": false, "is_active": true, "date_joined": "2016-03-29T07:50:35Z", "groups": [1, 3, 4], "user_permissions": []}}, {"model": "auth.user", "pk": 9, "fields": {"password": "pbkdf2_sha256$24000$jbW5sArZpfr7$J1C9Ma8LfnmcSTbEm4YVWOlOds78qt4Dpi2+Q/mvOh8=", "last_login": null, "is_superuser": false, "username": "gggg", "first_name": "", "last_name": "", "email": "", "is_staff": false, "is_active": true, "date_joined": "2016-03-29T07:50:40Z", "groups": [1, 3, 5, 9], "user_permissions": []}}, {"model": "account.account", "pk": 1, "fields": {"user": 1, "timezone": "", "language": "en-hans"}}, {"model": "account.account", "pk": 2, "fields": {"user": 2, "timezone": "", "language": "en-hans"}}, {"model": "account.account", "pk": 3, "fields": {"user": 3, "timezone": "", "language": "en-hans"}}, {"model": "account.account", "pk": 4, "fields": {"user": 4, "timezone": "", "language": "en-hans"}}, {"model": "account.account", "pk": 5, "fields": {"user": 5, "timezone": "", "language": "en-hans"}}, {"model": "account.account", "pk": 6, "fields": {"user": 6, "timezone": "", "language": "en-hans"}}, {"model": "account.account", "pk": 7, "fields": {"user": 7, "timezone": "", "language": "en-hans"}}, {"model": "account.account", "pk": 8, "fields": {"user": 8, "timezone": "", "language": "en-hans"}}, {"model": "account.account", "pk": 9, "fields": {"user": 9, "timezone": "", "language": "en-hans"}}, {"model": "account.emailaddress", "pk": 1, "fields": {"user": 2, "email": "acmicpc@bupt.edu.cn", "verified": false, "primary": true}}, {"model": "ojuser.userprofile", "pk": 1, "fields": {"user": 1, "nickname": "", "gender": "", "prefer_lang": ""}}, {"model": "ojuser.userprofile", "pk": 2, "fields": {"user": 2, "nickname": "", "gender": "", "prefer_lang": ""}}, {"model": "ojuser.userprofile", "pk": 3, "fields": {"user": 3, "nickname": "", "gender": "", "prefer_lang": ""}}, {"model": "ojuser.userprofile", "pk": 4, "fields": {"user": 4, "nickname": "", "gender": "", "prefer_lang": ""}}, {"model": "ojuser.userprofile", "pk": 5, "fields": {"user": 5, "nickname": "", "gender": "", "prefer_lang": ""}}, {"model": "ojuser.userprofile", "pk": 6, "fields": {"user": 6, "nickname": "", "gender": "", "prefer_lang": ""}}, {"model": "ojuser.userprofile", "pk": 7, "fields": {"user": 7, "nickname": "", "gender": "", "prefer_lang": ""}}, {"model": "ojuser.userprofile", "pk": 8, "fields": {"user": 8, "nickname": "", "gender": "", "prefer_lang": ""}}, {"model": "ojuser.userprofile", "pk": 9, "fields": {"user": 9, "nickname": "", "gender": "", "prefer_lang": ""}}, {"model": "ojuser.groupprofile", "pk": 1, "fields": {"group": 1}}, {"model": "ojuser.groupprofile", "pk": 2, "fields": {"group": 2}}, {"model": "ojuser.groupprofile", "pk": 3, "fields": {"group": 3}}, {"model": "ojuser.groupprofile", "pk": 4, "fields": {"group": 4}}, {"model": "ojuser.groupprofile", "pk": 5, "fields": {"group": 5}}, {"model": "ojuser.groupprofile", "pk": 6, "fields": {"group": 6}}, {"model": "ojuser.groupprofile", "pk": 7, "fields": {"group": 7}}, {"model": "ojuser.groupprofile", "pk": 8, "fields": {"group": 8}}, {"model": "ojuser.groupprofile", "pk": 9, "fields": {"group": 9}}, {"model": "problem.problem", "pk": 1, "fields": {"title": "p1", "running_time": 1000, "running_memory": 65536, "codelength": 65536, "prob_desc": "None", "is_spj": 0, "author": 6}}, {"model": "problem.problem", "pk": 2, "fields": {"title": "p2", "running_time": 1000, "running_memory": 65536, "codelength": 65536, "prob_desc": "None", "is_spj": 0, "author": 2}}, {"model": "problem.problem", "pk": 3, "fields": {"title": "p3", "running_time": 1000, "running_memory": 65536, "codelength": 65536, "prob_desc": "None", "is_spj": 0, "author": 6}}, {"model": "problem.problem", "pk": 4, "fields": {"title": "p4", "running_time": 1000, "running_memory": 65536, "codelength": 65536, "prob_desc": "None", "is_spj": 0, "author": 7}}, {"model": "problem.problem", "pk": 5, "fields": {"title": "p5", "running_time": 1000, "running_memory": 65536, "codelength": 65536, "prob_desc": "None", "is_spj": 0, "author": 2}}, {"model": "problem.problem", "pk": 6, "fields": {"title": "p6", "running_time": 1000, "running_memory": 65536, "codelength": 65536, "prob_desc": "None", "is_spj": 0, "author": 6}}, {"model": "admin.logentry", "pk": 1, "fields": {"action_time": "2016-03-29T07:49:20.581Z", "user": 2, "content_type": 4, "object_id": "3", "object_repr": "aaaa", "action_flag": 1, "change_message": "Added."}}, {"model": "admin.logentry", "pk": 2, "fields": {"action_time": "2016-03-29T07:50:15.021Z", "user": 2, "content_type": 4, "object_id": "4", "object_repr": "bbbb", "action_flag": 1, "change_message": "Added."}}, {"model": "admin.logentry", "pk": 3, "fields": {"action_time": "2016-03-29T07:50:20.915Z", "user": 2, "content_type": 4, "object_id": "5", "object_repr": "cccc", "action_flag": 1, "change_message": "Added."}}, {"model": "admin.logentry", "pk": 4, "fields": {"action_time": "2016-03-29T07:50:25.504Z", "user": 2, "content_type": 4, "object_id": "6", "object_repr": "dddd", "action_flag": 1, "change_message": "Added."}}, {"model": "admin.logentry", "pk": 5, "fields": {"action_time": "2016-03-29T07:50:31.006Z", "user": 2, "content_type": 4, "object_id": "7", "object_repr": "eeee", "action_flag": 1, "change_message": "Added."}}, {"model": "admin.logentry", "pk": 6, "fields": {"action_time": "2016-03-29T07:50:35.324Z", "user": 2, "content_type": 4, "object_id": "8", "object_repr": "ffff", "action_flag": 1, "change_message": "Added."}}, {"model": "admin.logentry", "pk": 7, "fields": {"action_time": "2016-03-29T07:50:40.032Z", "user": 2, "content_type": 4, "object_id": "9", "object_repr": "gggg", "action_flag": 1, "change_message": "Added."}}, {"model": "admin.logentry", "pk": 8, "fields": {"action_time": "2016-03-29T07:51:08.049Z", "user": 2, "content_type": 3, "object_id": "1", "object_repr": "school 1", "action_flag": 1, "change_message": "Added."}}, {"model": "admin.logentry", "pk": 9, "fields": {"action_time": "2016-03-29T07:51:20.920Z", "user": 2, "content_type": 3, "object_id": "2", "object_repr": "class 1", "action_flag": 1, "change_message": "Added."}}, {"model": "admin.logentry", "pk": 10, "fields": {"action_time": "2016-03-29T07:51:28.247Z", "user": 2, "content_type": 3, "object_id": "3", "object_repr": "school 2", "action_flag": 1, "change_message": "Added."}}, {"model": "admin.logentry", "pk": 11, "fields": {"action_time": "2016-03-29T07:51:34.510Z", "user": 2, "content_type": 3, "object_id": "4", "object_repr": "class 2", "action_flag": 1, "change_message": "Added."}}, {"model": "admin.logentry", "pk": 12, "fields": {"action_time": "2016-03-29T07:51:40.590Z", "user": 2, "content_type": 3, "object_id": "5", "object_repr": "teacher 1", "action_flag": 1, "change_message": "Added."}}, {"model": "admin.logentry", "pk": 13, "fields": {"action_time": "2016-03-29T07:51:44.785Z", "user": 2, "content_type": 3, "object_id": "6", "object_repr": "teacher 2", "action_flag": 1, "change_message": "Added."}}, {"model": "admin.logentry", "pk": 14, "fields": {"action_time": "2016-03-29T07:52:07.061Z", "user": 2, "content_type": 3, "object_id": "7", "object_repr": "universty 1", "action_flag": 1, "change_message": "Added."}}, {"model": "admin.logentry", "pk": 15, "fields": {"action_time": "2016-03-29T07:52:18.218Z", "user": 2, "content_type": 3, "object_id": "1", "object_repr": "public", "action_flag": 2, "change_message": "Changed name."}}, {"model": "admin.logentry", "pk": 16, "fields": {"action_time": "2016-03-29T07:52:28.240Z", "user": 2, "content_type": 3, "object_id": "8", "object_repr": "shool 1", "action_flag": 1, "change_message": "Added."}}, {"model": "admin.logentry", "pk": 17, "fields": {"action_time": "2016-03-29T07:55:37.123Z", "user": 2, "content_type": 19, "object_id": "1", "object_repr": "shool 1 is child of public", "action_flag": 1, "change_message": "Added."}}, {"model": "admin.logentry", "pk": 18, "fields": {"action_time": "2016-03-29T07:55:42.095Z", "user": 2, "content_type": 19, "object_id": "2", "object_repr": "school 2 is child of public", "action_flag": 1, "change_message": "Added."}}, {"model": "admin.logentry", "pk": 19, "fields": {"action_time": "2016-03-29T07:56:13.990Z", "user": 2, "content_type": 19, "object_id": "3", "object_repr": "class 1 is child of shool 1", "action_flag": 1, "change_message": "Added."}}, {"model": "admin.logentry", "pk": 20, "fields": {"action_time": "2016-03-29T07:56:18.858Z", "user": 2, "content_type": 19, "object_id": "4", "object_repr": "class 2 is child of school 2", "action_flag": 1, "change_message": "Added."}}, {"model": "admin.logentry", "pk": 21, "fields": {"action_time": "2016-03-29T07:56:48.385Z", "user": 2, "content_type": 3, "object_id": "9", "object_repr": "class 3", "action_flag": 1, "change_message": "Added."}}, {"model": "admin.logentry", "pk": 22, "fields": {"action_time": "2016-03-29T07:57:14.764Z", "user": 2, "content_type": 19, "object_id": "5", "object_repr": "class 3 is child of school 2", "action_flag": 1, "change_message": "Added."}}, {"model": "admin.logentry", "pk": 23, "fields": {"action_time": "2016-03-29T07:57:35.144Z", "user": 2, "content_type": 19, "object_id": "6", "object_repr": "teacher 1 is child of public", "action_flag": 1, "change_message": "Added."}}, {"model": "admin.logentry", "pk": 24, "fields": {"action_time": "2016-03-29T07:57:42.707Z", "user": 2, "content_type": 19, "object_id": "7", "object_repr": "class 3 is child of teacher 1", "action_flag": 1, "change_message": "Added."}}, {"model": "admin.logentry", "pk": 25, "fields": {"action_time": "2016-03-29T07:58:23.243Z", "user": 2, "content_type": 3, "object_id": "6", "object_repr": "ICPC", "action_flag": 2, "change_message": "Changed name."}}, {"model": "admin.logentry", "pk": 26, "fields": {"action_time": "2016-03-29T08:00:02.494Z", "user": 2, "content_type": 4, "object_id": "3", "object_repr": "aaaa", "action_flag": 2, "change_message": "Changed groups."}}, {"model": "admin.logentry", "pk": 27, "fields": {"action_time": "2016-03-29T08:00:14.125Z", "user": 2, "content_type": 4, "object_id": "4", "object_repr": "bbbb", "action_flag": 2, "change_message": "Changed groups."}}, {"model": "admin.logentry", "pk": 28, "fields": {"action_time": "2016-03-29T08:00:34.190Z", "user": 2, "content_type": 4, "object_id": "5", "object_repr": "cccc", "action_flag": 2, "change_message": "Changed groups."}}, {"model": "admin.logentry", "pk": 29, "fields": {"action_time": "2016-03-29T08:00:47.930Z", "user": 2, "content_type": 4, "object_id": "6", "object_repr": "dddd", "action_flag": 2, "change_message": "Changed groups."}}, {"model": "admin.logentry", "pk": 30, "fields": {"action_time": "2016-03-29T08:01:15.508Z", "user": 2, "content_type": 4, "object_id": "7", "object_repr": "eeee", "action_flag": 2, "change_message": "Changed groups."}}, {"model": "admin.logentry", "pk": 31, "fields": {"action_time": "2016-03-29T08:01:42.382Z", "user": 2, "content_type": 4, "object_id": "8", "object_repr": "ffff", "action_flag": 2, "change_message": "Changed groups."}}, {"model": "admin.logentry", "pk": 32, "fields": {"action_time": "2016-03-29T08:02:14.877Z", "user": 2, "content_type": 4, "object_id": "9", "object_repr": "gggg", "action_flag": 2, "change_message": "Changed groups."}}, {"model": "admin.logentry", "pk": 33, "fields": {"action_time": "2016-03-29T08:02:57.485Z", "user": 2, "content_type": 20, "object_id": "1", "object_repr": "1p1", "action_flag": 1, "change_message": "Added."}}, {"model": "admin.logentry", "pk": 34, "fields": {"action_time": "2016-03-29T08:03:11.546Z", "user": 2, "content_type": 20, "object_id": "2", "object_repr": "2p2", "action_flag": 1, "change_message": "Added."}}, {"model": "admin.logentry", "pk": 35, "fields": {"action_time": "2016-03-29T08:03:18.553Z", "user": 2, "content_type": 20, "object_id": "3", "object_repr": "3p3", "action_flag": 1, "change_message": "Added."}}, {"model": "admin.logentry", "pk": 36, "fields": {"action_time": "2016-03-29T08:03:25.906Z", "user": 2, "content_type": 20, "object_id": "4", "object_repr": "4p4", "action_flag": 1, "change_message": "Added."}}, {"model": "admin.logentry", "pk": 37, "fields": {"action_time": "2016-03-29T08:03:31.827Z", "user": 2, "content_type": 20, "object_id": "5", "object_repr": "5p5", "action_flag": 1, "change_message": "Added."}}, {"model": "admin.logentry", "pk": 38, "fields": {"action_time": "2016-03-29T08:03:37.579Z", "user": 2, "content_type": 20, "object_id": "6", "object_repr": "6p6", "action_flag": 1, "change_message": "Added."}}]